<?xml version="1.0" encoding="UTF-8"?>
<info version="1.0">
  <general>
    <createDate>2007-07-19T14:45:07</createDate>
    <changeDate>2007-07-25T11:35:09</changeDate>
    <schema>iso19139</schema>
    <isTemplate>false</isTemplate>
    <localId>10</localId>
    <format>full</format>
  </general>
  <categories />
  <privileges>
    <group name="intranet">
      <operation name="view" />
      <operation name="download" />
      <operation name="dynamic" />
    </group>
    <group name="sample">
      <operation name="view" />
      <operation name="download" />
      <operation name="notify" />
      <operation name="dynamic" />
    </group>
    <group name="all">
      <operation name="view" />
      <operation name="download" />
      <operation name="dynamic" />
    </group>
  </privileges>
  <public>
    <file name="thumbnail.gif" changeDate="2007-07-19T15:27:10" />
    <file name="thumbnail_s.gif" changeDate="2007-07-19T15:01:54" />
  </public>
  <private>
    <file name="basins.zip" changeDate="2007-07-25T11:43:13" />
  </private>
</info>

